url,video_id,views,source
https://www.instagram.com/reel/DUL6ALWAnam/,DUL6ALWAnam,9,instagram saved reels grid
https://www.instagram.com/reel/DUJi9twkuDB/,DUJi9twkuDB,108,instagram saved reels grid
https://www.instagram.com/reel/DT3T2QBCZdY/,DT3T2QBCZdY,63,instagram saved reels grid
https://www.instagram.com/reel/DTlSGdEkxeu/,DTlSGdEkxeu,140,instagram saved reels grid
https://www.instagram.com/reel/DTTRH2BjH4A/,DTTRH2BjH4A,67,instagram saved reels grid
https://www.instagram.com/reel/DTBPc15iQwc/,DTBPc15iQwc,47,instagram saved reels grid
https://www.instagram.com/reel/DSvN8XzDfaI/,DSvN8XzDfaI,167,instagram saved reels grid
https://www.instagram.com/reel/DSdNe0qAUDa/,DSdNe0qAUDa,236,instagram saved reels grid
https://www.instagram.com/reel/DSLKc47gNXN/,DSLKc47gNXN,159,instagram saved reels grid
https://www.instagram.com/reel/DR5I3S-AQ08/,DR5I3S-AQ08,141,instagram saved reels grid
https://www.instagram.com/reel/DRm5cvaDhGU/,DRm5cvaDhGU,151,instagram saved reels grid
https://www.instagram.com/reel/DRVFyzCCK2N/,DRVFyzCCK2N,178,instagram saved reels grid
https://www.instagram.com/reel/DQxCpWDDZLb/,DQxCpWDDZLb,280,instagram saved reels grid
https://www.instagram.com/reel/DQe6RPwD1w-/,DQe6RPwD1w-,267,instagram saved reels grid
https://www.instagram.com/reel/DQM4r1ojiKb/,DQM4r1ojiKb,97,instagram saved reels grid
https://www.instagram.com/reel/DP63FFzjYlx/,DP63FFzjYlx,65,instagram saved reels grid
https://www.instagram.com/reel/DPo1frJlZUV/,DPo1frJlZUV,96,instagram saved reels grid
https://www.instagram.com/reel/DPW0VOrFILz/,DPW0VOrFILz,244,instagram saved reels grid
https://www.instagram.com/reel/DPEyW1zlQp9/,DPEyW1zlQp9,631,instagram saved reels grid
https://www.instagram.com/reel/DOyxNGOAH6t/,DOyxNGOAH6t,5656,instagram saved reels grid
https://www.instagram.com/reel/DOgvQ0biptr/,DOgvQ0biptr,139,instagram saved reels grid
https://www.instagram.com/reel/DOOft8ljYi4/,DOOft8ljYi4,237,instagram saved reels grid
https://www.instagram.com/reel/DN8sK_DkfQ-/,DN8sK_DkfQ-,400,instagram saved reels grid
https://www.instagram.com/reel/DNqql9ki4cU/,DNqql9ki4cU,198,instagram saved reels grid
https://www.instagram.com/reel/DNYo_mVi0nt/,DNYo_mVi0nt,65,instagram saved reels grid
https://www.instagram.com/reel/DNBdqelKGar/,DNBdqelKGar,283,instagram saved reels grid
https://www.instagram.com/reel/DM0l4cfhVan/,DM0l4cfhVan,129,instagram saved reels grid
https://www.instagram.com/reel/DMikTEgOLvA/,DMikTEgOLvA,144,instagram saved reels grid
https://www.instagram.com/reel/DMiWf0ENd0v/,DMiWf0ENd0v,138,instagram saved reels grid
https://www.instagram.com/reel/DMY3EpFpimZ/,DMY3EpFpimZ,128,instagram saved reels grid
https://www.instagram.com/reel/DL-hATcqF9D/,DL-hATcqF9D,135,instagram saved reels grid
https://www.instagram.com/reel/DLi8Zl7siHA/,DLi8Zl7siHA,210,instagram saved reels grid
https://www.instagram.com/reel/DLaejXWOcq9/,DLaejXWOcq9,192,instagram saved reels grid
https://www.instagram.com/reel/DLaeEP8CJK-/,DLaeEP8CJK-,126,instagram saved reels grid
https://www.instagram.com/reel/DLIcwlBIU9D/,DLIcwlBIU9D,549,instagram saved reels grid
https://www.instagram.com/reel/DLIca7IMgVm/,DLIca7IMgVm,200,instagram saved reels grid
https://www.instagram.com/reel/DK2bHo8PX3y/,DK2bHo8PX3y,318,instagram saved reels grid
https://www.instagram.com/reel/DKkZ_WmPrdy/,DKkZ_WmPrdy,1502,instagram saved reels grid
https://www.instagram.com/reel/DKkZcnbsvgJ/,DKkZcnbsvgJ,522,instagram saved reels grid
https://www.instagram.com/reel/DKSZFW2N_p-/,DKSZFW2N_p-,140,instagram saved reels grid
https://www.instagram.com/reel/DKSX-IeNkkK/,DKSX-IeNkkK,147,instagram saved reels grid
https://www.instagram.com/reel/DKAWn7AConx/,DKAWn7AConx,1210,instagram saved reels grid
https://www.instagram.com/reel/DKAWQS6O2e4/,DKAWQS6O2e4,138,instagram saved reels grid
https://www.instagram.com/reel/DJuVG4HuM-L/,DJuVG4HuM-L,273,instagram saved reels grid
https://www.instagram.com/reel/DJuUrJAvzOQ/,DJuUrJAvzOQ,81,instagram saved reels grid
https://www.instagram.com/reel/DJcTgXMivsU/,DJcTgXMivsU,155,instagram saved reels grid
https://www.instagram.com/reel/DJcTFW0CFYb/,DJcTFW0CFYb,102,instagram saved reels grid
https://www.instagram.com/reel/DJKRyFkterg/,DJKRyFkterg,2950,instagram saved reels grid
https://www.instagram.com/reel/DI4P9XBx5XD/,DI4P9XBx5XD,56,instagram saved reels grid
https://www.instagram.com/reel/DImOXGYtgdi/,DImOXGYtgdi,23,instagram saved reels grid
https://www.instagram.com/reel/DIUM3scpFvk/,DIUM3scpFvk,47,instagram saved reels grid
https://www.instagram.com/reel/DICLO8nPSCN/,DICLO8nPSCN,40,instagram saved reels grid
